ID,AUTHOR,URL,DATE,LIKES,SHARES,COMMENTS,CONTENT,SERVICE,SENTIMENT,ENGAGEMENT
806089764882209,http://www.facebook.com/756656851037791,http://www.facebook.com/756656851037791_806089764882209,07/03/2420 14:59,785.0,135.0,246.0,"Confirmado: Madonna realizará um grandioso show no Brasil em 4 de maio, na Praia de Copacabana, com potencial para se tornar o maior de sua carreira, que já abrange quatro décadas. A icônica cantora desembarcará no Rio de Janeiro daqui a dois meses, a convite do Itaú Unibanco, com quem colaborou recentemente em uma campanha para celebrar os cem anos do banco.

Embora as negociações estejam concluídas, alguns detalhes, como a hospedagem (possivelmente no Copacabana Palace), ainda estão em discussão. O anúncio oficial do espetáculo será feito em breve, confirmando as especulações dos fãs desde novembro, quando Madonna sugeriu ao vivo que viria ao Brasil.

Este show será uma celebração pelos aniversários, tanto da carreira de Madonna quanto do Itaú. Apresentando ""The Celebration Tour"", a mesma turnê que a artista tem percorrido o mundo desde outubro, esta será sua 12ª turnê desde a ""The Virgin Tour"" em 1985.

Será a quarta vez que Madonna, agora com 65 anos, se apresentará ao público brasileiro. Sua estreia, em 1993, atraiu o segundo maior público de sua carreira, com 120 mil fãs lotando o Maracanã. As outras duas visitas em 2008 e 2012 não alcançaram a mesma demanda do primeiro show.

O recorde atual é de 130 mil espectadores em Paris, em 1987, mas em Copacabana, esse número pode ser facilmente superado, considerando o grande público presente no último Réveillon, que reuniu mais de 3 milhões de pessoas na praia. Madonna é conhecida por evitar grandes festivais, tornando suas apresentações raras e únicas.

Antes de chegar ao Brasil, Madonna terá passado por países da Europa, Estados Unidos e México. As negociações para trazê-la envolveram não apenas executivos do banco, mas também autoridades devido à magnitude do show",facebook,POSITIVE,0.0
