ID,AUTHOR,URL,DATE,LIKES,SHARES,COMMENTS,CONTENT,SERVICE,SENTIMENT,ENGAGEMENT
829478805883417,http://www.facebook.com/110642198987201,http://www.facebook.com/110642198987201_829478805883417,27/03/2420 16:14,32.0,1.0,6.0,"Responsável pela vinda de Madonna ao Brasil em maio, o Itaú divulgou algumas promoções que oferecerá aos seus clientes em torno da apresentação da cantora.

O banco irá sortear 750 pares de ingressos para que seus clientes assistam ao show de Madonna, no próximo dia 4 de maio, diretamente do Espaço Itaú, que será montado em frente ao palco, na Praia de Copacabana, no Rio de Janeiro.

Confira: https://www.meioemensagem.com.br/marketing/itau-sorteara-ingressos-para-clientes-em-area-vip-de-show-da-madonna

#madonna #vip #show #ingressos #itau",facebook,POSITIVE,0.122
