ID,AUTHOR,URL,DATE,LIKES,SHARES,COMMENTS,CONTENT,SERVICE,SENTIMENT,ENGAGEMENT
875770204589571,http://www.facebook.com/150808986387,http://www.facebook.com/150808986387_875770204589571,26/03/2420 16:50,435.0,29.0,179.0,"O concerto da cantora norte-americana vai realizar-se dia 4 de maio e são esperadas cerca de um milhão de pessoas. De acordo com um comunicado da organização do evento este vai ser ""o maior show da cantora de todos os tempos"".

Saiba mais aqui https://bit.ly/3vuMg9q

#brasil #brazil #copacabana #rj #riojaneiro #riodejaneiro #show #madonna #cultura #musica #concerto #international #sicnoticias",facebook,POSITIVE,0.0
