ID,AUTHOR,URL,DATE,LIKES,SHARES,COMMENTS,CONTENT,SERVICE,SENTIMENT,ENGAGEMENT
835078061991140,http://www.facebook.com/287321157949050,http://www.facebook.com/287321157949050_835078061991140,12/04/2420 15:36,0.0,1.0,3.0,"Ao contrário da cantora Beyoncé, que adorava ver brasileiros em sua turnê pelo mundo, a artista Madonna (@madonna) não gostou muito de ver os fãs do Brasil falando em outro idioma. Em menos de um mês, a artista estará no último show da sua turnê, na praia de Copacabana, mas a recepção dos brasileiros nos Estados Unidos não foi tão boa durante o “The Celebration Tour”. Na gravação feita por pessoas que estavam na plateia, é possível ver Madonna reclamando com os brasileiros durante um momento mais calmo do show e brigando com os admiradores.

📲 Leia a matéria completa no site www.correio24horas.com.br ou aplicativo #correio24horas
📹: Reprodução",facebook,POSITIVE,0.0
