ID,AUTHOR,URL,DATE,LIKES,SHARES,COMMENTS,CONTENT,SERVICE,SENTIMENT,ENGAGEMENT
457941189900244,http://www.facebook.com/103494018683362,http://www.facebook.com/103494018683362_457941189900244,27/03/2420 12:59,615.0,23.0,382.0,"A Globo acertou nesta segunda-feira (25) a transmissão do show gratuito com a cantora Madonna, que vai acontecer no próximo dia 4 de maio, na praia de Copacabana, na zona sul do Rio de Janeiro.

A exibição acontecerá em TV aberta, TV por assinatura via Multishow, seu canal de variedades, e streaming, via Globoplay. O acordo foi fechado com a marca Itaú, patrocinadora do show e responsável por trazer Madonna para o Brasil.

🖇️ Leia mais em dol.com.br 
✍🏾 Gabriel Vaquer 
📷 KEVIN WINTER / GETTY IMAGES NORTH AMERICA / Getty Images via AFP

#dol",facebook,POSITIVE,0.0
