ID,AUTHOR,URL,DATE,LIKES,SHARES,COMMENTS,CONTENT,SERVICE,SENTIMENT,ENGAGEMENT
709737531367061,http://www.facebook.com/100114543363891,http://www.facebook.com/100114543363891_709737531367061,21/03/2420 18:37,525.0,44.0,131.0,"Após dias de especulação, Madonna confirmou sua vinda ao Brasil, embora não tenha afirmado que fará shows no país. A notícia da vinda acontece em meio a uma série de rumores de que a cantora se apresentaria na praia de Copacabana. Em vídeo publicado nesta quinta-feira (21), Madonna diz simplesmente: ""Brasil, estou chegando"". As imagens foram divulgadas nas redes sociais do banco Itaú, que contratou a cantora para estrelar sua última campanha de marketing.

📲Leia mais na #Folha em https://mla.bs/5e2ec81e 

📷 Reprodução

#PraTodosVerem: Foto mostra Madonna, cantora americana de 65 anos. Em imagem que marca a fase 'Erotica', ela aparece com a mão no rosto. A foto está em preto e branco. Sobre a imagem, a legenda: ""Madonna confirma vinda ao Brasil em breve em meio a rumores de show""",facebook,POSITIVE,0.0
