ID,AUTHOR,URL,DATE,LIKES,SHARES,COMMENTS,CONTENT,SERVICE,SENTIMENT,ENGAGEMENT
820644603434486,http://www.facebook.com/287321157949050,http://www.facebook.com/287321157949050_820644603434486,21/03/2420 20:00,13.0,1.0,1.0,"A vinda da cantora Madonna para o Brasil foi confirmada pelo Itaú, banco que vai patrocinar o show e do qual a garota é garota propaganda. ""Brasil, estou chegando"", diz a artista no teaser. No início do mês, o colunista Lauro Jardim, de O Globo, informou que Madonna faria um show gratuito na praia de Copacabana, no Rio de Janeiro, no dia 4 de maio. Esses detalhes ainda não foram confirmados oficialmente.

📲 Saiba mais no site http://glo.bo/4a1FHdb ou aplicativo #correio24horas

📷: Reprodução",facebook,POSITIVE,0.0
