ID,AUTHOR,URL,DATE,LIKES,SHARES,COMMENTS,CONTENT,SERVICE,SENTIMENT,ENGAGEMENT
914637690672575,http://www.facebook.com/1665300123703523,http://www.facebook.com/1665300123703523_914637690672575,25/03/2420 18:17,2.0,0.0,0.0,"A cantora Madonna vai se apresentar de graça na praia de Copacabana no dia 4 de maio. O show será o único da turnê ""The Celebration Tour"" na América do Sul e acontecerá entre 20h30 e 21h45.

A apresentação vai ser transmitida pela Globo através de seu canal aberto, do Globoplay e do Multishow.

Esta será a quarta passagem de Madonna pelo Brasil. A última vez fez foi em 2012, com a turnê MDNA.

📲 Para mais notícias, acesse: cbnvale.com.br ou siga @cbnvale nas redes sociais

Imagem: Reprodução/

#cbn #sãojosédoscampos #saojosedoscampos #sjcampos #valedoparaíba #valedoparaiba #música #musica #madonna #celebrationtour #thecelebrationtour #copacabana #riodejaneiro #rio #rj",facebook,POSITIVE,0.0
