ID,AUTHOR,URL,DATE,LIKES,SHARES,COMMENTS,CONTENT,SERVICE,SENTIMENT,ENGAGEMENT
914099624059303,http://www.facebook.com/101634945258546,http://www.facebook.com/101634945258546_914099624059303,31/03/2420 18:05,5.0,0.0,0.0,"MADONNA CONFIRMA SHOW GRATUITO NO RÍO EM MAIO PARA ENCERRAR TURNÊ DE 40 ANOS DE CARREIRA.

A cantora Madonna fará show na praia de Copacabana, no Rio de Janeiro, que promete ser histórico pela expectativa de público de um milhão de fãs. ⠀

O show deve ser o último da 'The Celebration Tour', em que Madonna comemora 40 anos de carreira. A turnê começou em outubro do ano passado, em Londres. Antes do Rio, a rainha do pop se apresentará no México. 

O espetáculo tem hora marcada para começar às 21h45 (horário de Brasília) do dia 4 de maio. A apresentação vai celebrar os 40 anos de carreira da artista e será gratuita ao público.",facebook,POSITIVE,0.0
