ID,AUTHOR,URL,DATE,LIKES,SHARES,COMMENTS,CONTENT,SERVICE,SENTIMENT,ENGAGEMENT
727264186224430,http://www.facebook.com/1505574649732513,http://www.facebook.com/1505574649732513_727264186224430,05/04/2420 16:21,21.0,1.0,15.0,"Os fãs de Soweto vão precisar segurar a ansiedade por mais um dia. Isso porque um dos shows de comemoração pelos 30 anos de carreira do grupo, idealizado por Belo e que aconteceria no dia 4 de maio, na Praça da Apoteose, precisou ser cancelado. E a gente conta tudo para vocês agora, queridos leitores, com exclusividade.

Acontece que o grupo realizaria dois shows seguidos, nos dias 4 e 5 de maio — sendo este último uma data extra por conta do sucesso —, mas o primeiro dia precisou ser suspenso por conta da apresentação de Madonna na Praia de Copacabana.

Com isso, os fãs que compraram entradas para o dia 4 vão assistir ao show no dia seguinte. A expectativa dos organizadores é que 30 mil pessoas estejam na plateia.

A colunista descobriu, ainda, que o cancelamento foi uma determinação da Secretaria de Ordem Pública, que suspendeu todas as outras apresentações que aconteceriam na cidade do dia do show de Madonna.

Apesar das mudanças, o empresário de Belo, Alfredo Santana, através da assessoria de imprensa, afirmou que tudo já foi readequado para receber o público que já havia antecipado a compra das entradas. Toda a estrutura, segundo ele, principalmente segurança, está organizada para dar conta do contratempo.

➡️ Saiba mais na coluna de Fábia Oliveira! Basta acessar metropoles.com.

📸 Instagram/Reprodução",facebook,POSITIVE,0.0
