ID,AUTHOR,URL,DATE,LIKES,SHARES,COMMENTS,CONTENT,SERVICE,SENTIMENT,ENGAGEMENT
814914607339197,http://www.facebook.com/179420238744846,http://www.facebook.com/179420238744846_814914607339197,01/04/2420 20:17,37.0,1.0,10.0,"A chegada de turistas internacionais no Rio de Janeiro, capital, deve crescer 27,3%, considerando a semana do show da cantora norte-americana Madonna. O aumento na entrada de visitantes de outros países é um comparativo com o mesmo período de 2023. A Rainha do Pop se apresentará no dia 4 de maio, na praia de Copacabana, às 21h30. O show tem duração prevista de cerca de duas horas.
A performance da artista no Brasil será a única em toda a América do Sul. A expectativa é que mais de 1 milhão de espectadores compareçam à orla carioca para ter ao menos um vislumbre da diva. No momento, há o registro de quase 7.500 bilhetes aéreos emitidos de outros países do mundo com chegada no Brasil pelo Rio. Os dados são da plataforma Forward Keys.
Os principais países emissores são a Argentina, com um aumento de 20,4%; o Chile, com crescimento de 14,1%; os Estados Unidos, com 12,7%; a França, com 11%; e o Reino Unido, com 6,4%. O crescimento registrado no Rio de Janeiro é quase quatro vezes maior que a média de todos os aeroportos brasileiros que recebem voos internacionais para o período, que é de 7,1%.

Leia mais no site:#diariodovale 

#madonna #turismo #rainhadopop #brasil #economia #show #copacabana",facebook,POSITIVE,0.0
