ID,AUTHOR,URL,DATE,LIKES,SHARES,COMMENTS,CONTENT,SERVICE,SENTIMENT,ENGAGEMENT
722146486792832,http://www.facebook.com/100114543363891,http://www.facebook.com/100114543363891_722146486792832,11/04/2420 19:00,9.0,0.0,3.0,"A cantora Madonna fará um show na praia de Copacabana em 4 de maio, véspera do Concurso Nacional Unificado. E alguns candidatos vivem um dilema entre fazer a prova ou não. Outros querem mudar o local de prova para o Rio de Janeiro. Mas isso é possível? A ministra Esther Dweck respondeu nesta manhã.

📲 Leia mais na #Folha: https://mla.bs/607ab619

🎦 Reprodução/Gov",facebook,POSITIVE,0.0
