ID,AUTHOR,URL,DATE,LIKES,SHARES,COMMENTS,CONTENT,SERVICE,SENTIMENT,ENGAGEMENT
919754636823131,http://www.facebook.com/142466589229002,http://www.facebook.com/142466589229002_919754636823131,11/03/2420 12:10,16.0,1.0,0.0,"Caravana de São Roque se prepara para o show gratuito de Madonna na Praia de Copacabana

https://www.odemocrata.com.br/cultura/caravana-de-sao-roque-se-prepara-para-o-show-gratuito-de-madonna-na-praia-de-copacabana/

#saoroque #noticiasdesaoroque #noticias #saude #bemestar #esportes #noticiapolicial #politica #cultura #jornalodemocrata",facebook,POSITIVE,0.0
