ID,AUTHOR,URL,DATE,LIKES,SHARES,COMMENTS,CONTENT,SERVICE,SENTIMENT,ENGAGEMENT
799484368880960,http://www.facebook.com/1688002624785169,http://www.facebook.com/1688002624785169_799484368880960,13/03/2420 10:20,1.6k,132.0,188.0,"Emprego novo, cursando o fim do ensino médio, visual repaginado e livre do vício. Desde que viralizou em 2020, ao dançar “Holiday”, de Madonna, em um bar em Manaus, Amazonas, a ex-usuária Maria Solange Amorim vive uma realização atrás da outra, aos 54 anos.

Atualmente morando em Guarulhos, na Grande São Paulo, a mulher que ficou conhecida como “Marina Silva de Manaus” ainda sonha em conhecer a rainha do pop.

As expectativas de ao menos ver a cantora aumentaram com os rumores de um show na Praia de Copacabana, em maio deste ano, apesar de não ter anúncio oficial.

“Quero muito conhecer essa mulher de perto, quem sabe dar um abraço e agradecer pessoalmente. Olhar no fundo do olho e dizer o quanto eu oro por ela e a vida dela”, disse Maria ao g1.

O vídeo viralizado há quatro anos de Maria no bar chegou até Madonna. Maria Solange foi gravada quando resolveu enfrentar o luto do filho assassinado aos 24 anos com uma homenagem em forma de dança e música.

A artista repercutiu o registro no perfil dela em uma rede social e mobilizou uma força-tarefa entre brasileiros que ajudaram a mudar a vida de Maria.

Naquele ano, o projeto social Parceiros Brilhantes, de Manaus, viu a postagem de Madonna e ofereceu o apoio.

Maria passou oito meses por tratamento contra a dependência em uma clínica em Araçoiaba da Serra, no interior de São Paulo. Ela também ganhou tratamento odontológico e reencontrou a família ao fim do procedimento.

“Sou uma mulher realizada, sóbria e limpa há 4 anos. O meu propósito era voltar à rotina, estudar, trabalhar e caminhar com as minhas próprias pernas. E tudo isso está acontecendo na minha vida. Estou já no ensino médio, depois de anos longe da sala de aula, mas nada que não possa ser recuperado. Ainda estou viva.”",facebook,POSITIVE,0.0
