ID,AUTHOR,URL,DATE,LIKES,SHARES,COMMENTS,CONTENT,SERVICE,SENTIMENT,ENGAGEMENT
832475465583002,http://www.facebook.com/174625949232956,http://www.facebook.com/174625949232956_832475465583002,21/03/2420 19:52,64.0,2.0,156.0,"🌟 Garanta sua hospedagem em Copacabana para o show da Madonna no Brasil! 🎤

Madonna está chegando ao Brasil e promete agitar o Rio de Janeiro com seus hits inesquecíveis! 🎶✨ Se você está planejando assistir ao show e quer garantir uma estadia inesquecível, Copacabana é o lugar perfeito para se hospedar!

🏨 No Blog do Hurb, você pode conferir todas as opções de hospedagem: https://contentstudio.page.link/LLYz

#MadonnaNoBrasil #Copacabana #Hospedagem #RioDeJaneiro #Show",facebook,POSITIVE,0.0
