ID,AUTHOR,URL,DATE,LIKES,SHARES,COMMENTS,CONTENT,SERVICE,SENTIMENT,ENGAGEMENT
800300235466801,http://www.facebook.com/115230991849922,http://www.facebook.com/115230991849922_800300235466801,07/03/2420 11:05,11.0,0.0,1.0,"A RAINHA VEM SIM | Madonna virá ao Brasil para um megashow em 4 de maio na Praia de Copacabana, com potencial para se tornar o maior das quatro décadas de carreira que a rainha do pop está comemorando.  A cantora desembarca no Rio de Janeiro daqui a dois meses a convite do Itaú Unibanco, para quem ela já estrelou recentemente uma campanha pelos de cem anos do banco. 

O anúncio oficial do espetáculo acontece em breve, conforme os fãs vêm especulando desde novembro, quando a artista sugeriu ao vivo que viria para cá. Será uma celebração pelos aniversários (da trajetória) de Madonna e do Itaú. O show será o mesmo que artista está rodando o mundo desde outubro com a... The Celebration Tour. É a 12ª turnê que ela emplaca desde a The Virgin Tour, em 1985. 

Saiba mais em http://glo.bo/4a0s5yK #JornalOGlobo",facebook,POSITIVE,0.0
