ID,AUTHOR,URL,DATE,LIKES,SHARES,COMMENTS,CONTENT,SERVICE,SENTIMENT,ENGAGEMENT
803913301770262,http://www.facebook.com/1391702244457388,http://www.facebook.com/1391702244457388_803913301770262,11/03/2420 11:00,25.0,3.0,2.0,"Os rumores de um show da cantora Madonna na Praia de Copacabana deixaram fãs da popstar ansiosos. Apesar de não ter havido um anúncio oficial, hotéis já relatam um aumento de 30% na procura e muita gente de fora do Rio já arr!scou comprar passagens.

Apresentação, segundo o colunista Lauro Jardim, do jornal O Globo, será em 4 de maio.

“Na minha cabeça está confirmado. Vai ser o melhor show da minha vida. Vou aproveitar para chegar cedo, marcar meu local na praia e aproveitar o máximo”, disse ao RJ2 a enfermeira Ieda Caetano.

O megashow seria parte da Turnê The Celebration Tour, que começou em outubro. Madonna já cantou três vezes no Brasil, e desde 2012 não faz show no país.

Um professor de Goiás se adiantou para não p3rder a ch4nce.

“𝙀𝙪 𝙣𝙖̃𝙤 𝙧𝙚𝙨𝙞𝙨𝙩𝙞 𝙘𝙤𝙢𝙥𝙧𝙚𝙞 𝙖 𝙥𝙖𝙨𝙨𝙖𝙜𝙚𝙢, 𝙘𝙤𝙧𝙧𝙞 𝙖𝙩𝙧𝙖́𝙨 𝙙𝙖 𝙝𝙤𝙨𝙥𝙚𝙙𝙖𝙜𝙚𝙢, 𝙛𝙞𝙯 𝙣𝙤 𝙞𝙢𝙥𝙪𝙡𝙨𝙤. 𝙏𝙤̂ 𝙢𝙪𝙞𝙩𝙤 𝙖𝙣𝙨𝙞𝙤𝙨𝙤 𝙥𝙤𝙧𝙦𝙪𝙚 𝙚́ 𝙪𝙢 𝙨𝙝𝙤𝙬 𝙦𝙪𝙚 𝙚𝙪 𝙖𝙜𝙪𝙖𝙧𝙙𝙤, 𝙫𝙖𝙞 𝙚𝙣𝙩𝙧𝙖𝙧 𝙥𝙖𝙧𝙖 𝙖 𝙝𝙞𝙨𝙩𝙤́𝙧𝙞𝙖”, 𝙖𝙛𝙞𝙧𝙢𝙖 𝙇𝙪𝙞́𝙨 𝙂𝙪𝙨𝙩𝙖𝙫𝙤

Ele brinca ainda que se for tudo uma brincadeira, o dinh3iro não será em vão: “De qualquer forma o Rio é maravilhoso, não será um preju!zo, mas vamos focar que ela vem”, destaca.

Reportagem: Mauro Junior
#𝙨𝙜𝙫𝙖𝙞𝙢𝙪𝙙𝙖𝙧 
𝑶 𝒎𝒂𝒊𝒐𝒓 𝑷𝒐𝒓𝒕𝒂𝒍 𝒅𝒆 𝒏𝒐𝒕𝒊́𝒄𝒊𝒂𝒔 𝒅𝒂 𝒄𝒊𝒅𝒂𝒅𝒆.",facebook,POSITIVE,0.0
