ID,AUTHOR,URL,DATE,LIKES,SHARES,COMMENTS,CONTENT,SERVICE,SENTIMENT,ENGAGEMENT
747137037536744,http://www.facebook.com/306355719426930,http://www.facebook.com/306355719426930_747137037536744,10/04/2420 18:22,57.0,3.0,21.0,"Após intensa especulação, Madonna finalmente confirmou sua vinda ao Brasil, marcando seu retorno ao país após 12 anos. O aguardado show, agendado para o dia 4 de maio na deslumbrante orla de Copacabana, no Rio de Janeiro, será o único na América Latina durante sua ""The Celebration Tour"", uma turnê especial em celebração aos seus 40 anos de carreira.

Previsto para começar por volta das 21h30, o espetáculo promete duas horas de pura energia e entretenimento. Profissionais do setor de viagens e turismo já estão de olho nos números impressionantes que cercam essa apresentação gratuita.

“As expectativas são as melhores. Cidade lotada, hotéis cheios, economia girando, turismo local bombando. Estamos muito felizes com o show da Madonna nas areias de Copacabana”, compartilhou Daniela Maia, Secretária de Turismo da cidade do Rio de Janeiro.",facebook,POSITIVE,0.0
