ID,AUTHOR,URL,DATE,LIKES,SHARES,COMMENTS,CONTENT,SERVICE,SENTIMENT,ENGAGEMENT
836840041816283,http://www.facebook.com/148914881790009,http://www.facebook.com/148914881790009_836840041816283,10/04/2420 11:29,38.0,15.0,71.0,"Madonna em Copacabana!👀🗣️

O show gratuito da cantora Madonna na Praia de Copacabana, no Rio de Janeiro, terá um grande investimento da prefeitura da cidade. Nesta segunda-feira, 8, a prefeitura confirmou que irá dar R$ 10 milhões para a BonusTrack, produtora responsável, para a realização da apresentação da artista. O valor foi publicado no Diário Oficial. Madonna se apresentará com a The Celebration Tour, que celebra 40 anos de carreira da artista, no dia 4 de maio no Rio.

Mais informações na editoria ""GERAL"", link na bio.

📸 Reprodução

#Madonna #Copacabana #Prefeitura

# MeiaHora",facebook,POSITIVE,0.0
