ID,AUTHOR,URL,DATE,LIKES,SHARES,COMMENTS,CONTENT,SERVICE,SENTIMENT,ENGAGEMENT
826484472853144,http://www.facebook.com/111209462238356,http://www.facebook.com/111209462238356_826484472853144,21/03/2420 19:03,107.0,4.0,35.0,"A vinda de Madonna ao Brasil foi confirmada pelo Itaú, banco do qual a cantora é garota propaganda. O anúncio foi feito nesta quinta-feira (21) através de um vídeo publicado nas redes sociais.

“Brasil, estou chegando em breve”, diz a legenda do post, assinado por Madonna.

Os rumores de que a artista viria fazer um show no Rio de Janeiro começaram no início deste mês, quando o colunista Lauro Jardim, do jornal O Globo, deu como confirmada uma apresentação da cantora na Praia de Copacabana.

Essa será a terceira apresentação de Madonna no Brasil. O último show foi em 2012. A ""The Celebration Tour"" começou em outubro do ano passado e tem shows marcados até o final de abril.",facebook,POSITIVE,0.0
