ID,AUTHOR,URL,DATE,LIKES,SHARES,COMMENTS,CONTENT,SERVICE,SENTIMENT,ENGAGEMENT
723984776606058,http://www.facebook.com/125690960872109,http://www.facebook.com/125690960872109_723984776606058,06/03/2420 15:17,27.0,1.0,0.0,"A última vez que Madonna pisou no Brasil para uma série de shows foi há mais de dez anos, no longínquo 2012. Naquele ano, a artista apresentou a 'MDNA Tour' no Rio de Janeiro, São Paulo e em Porto Alegre. Depois disso a cantora ainda produziu a Rebel Heart Tour e Madame X Tour, mas nenhuma contou com apresentações em solo brasileiro. Acontece que, desde a última terça-feira (5), começaram rumores de que a loira vai passar por aqui de uma forma inusitada: um show gratuito em Copacabana, no Rio de Janeiro.

Tudo começou com a página ""Madonna Online"", que publicou que a material girl fará o tal show no próximo dia 4 de maio, com o anúncio oficial podendo sair a qualquer momento. A performance da ""Celebration Tour"", tem dupla função: fechar as comemorações pelos 40 anos de estrada da Rainha do Pop - o primeiro álbum dela saiu lá em 1983 - e celebrar os 100 anos do Banco Itaú, que contou com a presença da artista em sua mais recente campanha publicitária.

O boato de um possível show da intérprete de 'Hung Up' no Brasil tem gerado comoção - e memes- na web. Já o rumor de que a apresentação será gratuita gerou foi preocupação entre os fãs. ""Pensando em como vou sair vivo de um show de graça no Rio de Janeiro"", publicou um perfil no Twitter. ""Pensei que ia pagar o show da Madonna com quinze salários, mas pelo visto vou pagar com a vida"", escreveu outro internauta. ""Vou só com a roupa do corpo e ainda assim to com medo de voltar sem nada"", brincou outro.

Cantora é processada após atrasar show

Em janeiro deste ano, dois fãs de Madonna decidiram processar a cantora alegando que ela atrasou em duas horas o início de um show da Celebration Tour. Eles disseram que o atraso gerou transtornos, uma vez que precisavam acordar cedo no dia seguinte. De acordo com o jornal The Guardian, o show aconteceu em Nova York e começaria às 20h30.

No entanto, a rainha do pop subiu ao palco depois das 22h30. Os fãs saíram da apresentação por volta de uma da manhã, horário em que encontraram pouca oferta de transporte público e aumento nos valores cobrados por taxistas e motoristas de aplicativo.

Por @fabriciwo - Foto: Divulgação",facebook,POSITIVE,0.0
