ID,AUTHOR,URL,DATE,LIKES,SHARES,COMMENTS,CONTENT,SERVICE,SENTIMENT,ENGAGEMENT
1034359278346211,http://www.facebook.com/452943184822225,http://www.facebook.com/452943184822225_1034359278346211,02/04/2420 19:57,0.0,0.0,0.0,"Itaú Unibanco anuncia promoção e benefícios exclusivos aos clientes para show de Madonna

Após anunciar o patrocínio ao show gratuito de Madonna – “The Celebration Tour in Rio” – o Itaú Unibanco apresenta uma série de novidades exclusivas para os clientes do banco que desejam assistir à apresentação única e gratuita da cantora, que ocorrerá em 4 de maio, na praia de Copacabana.

",facebook,POSITIVE,0.0
