ID,AUTHOR,URL,DATE,LIKES,SHARES,COMMENTS,CONTENT,SERVICE,SENTIMENT,ENGAGEMENT
808857624611062,http://www.facebook.com/115230991849922,http://www.facebook.com/115230991849922_808857624611062,21/03/2420 18:21,158.0,22.0,47.0,"É OFICIAL | [via #LauroJardim] O Itaú Unibanco acaba de publicar um vídeo em que Madonna anuncia que está chegando “chegando ao Brasil” (“Brazil, I'm coming to you”, diz a cantora no registro). A publicação confirma o show que a artista fará na Praia de Copacabana em 4 de maio, revelado há duas semanas. No fim do vídeo, a instituição anuncia: “Novidades em breve para clientes Itaú”. Os detalhes sobre a apresentação devem ser revelados nos próximos dias, numa coletiva de imprensa que o Itaú Unibanco prepara em conjunto com o Governo e a Prefeitura do Rio.

Saiba mais no site do #JornalOGlobo: http://glo.bo/3Vv9mr6
Foto: Kevin Mazur/Divulgação/Live Nation",facebook,POSITIVE,0.0
