ID,AUTHOR,URL,DATE,LIKES,SHARES,COMMENTS,CONTENT,SERVICE,SENTIMENT,ENGAGEMENT
829408602560238,http://www.facebook.com/193987433986347,http://www.facebook.com/193987433986347_829408602560238,07/03/2420 15:28,13.0,1.0,6.0,"Madonna está vindo para o Brasil! Segundo O Globo, a rainha do pop fará o maior show de sua carreira no dia 4 de maio, na Praia de Copacabana, no Rio de Janeiro.

O show acontece como parte da celebração de 100 anos de uma rede de bancos brasileira, junto a celebração de 40 anos de carreira da própria Madonna, que está na estrada com o a turnê ""Celebration Tour"".
 
Antes de chegar ao Rio, a cantora vai passar pela Europa, Estados Unidos e México. 
Mais detalhes devem ser oficializados nas próximas semanas. 

E ai, animados? 

#madonna #madonnabrasil #popmusic #ondevcestiver",facebook,POSITIVE,0.0
