ID,AUTHOR,URL,DATE,LIKES,SHARES,COMMENTS,CONTENT,SERVICE,SENTIMENT,ENGAGEMENT
1007832094366460,http://www.facebook.com/251269441594402,http://www.facebook.com/251269441594402_1007832094366460,02/04/2420 13:47,0.0,0.0,0.0,"Madonna impulsiona entrada de turistas internacionais no Rio de Janeiro, diz ForwardKeys

Semana do show da diva pop registrou um crescimento de 27,3% na compra de bilhetes aéreos para a capital fluminense, com destaque para argentinos e chilenos.

A chegada de turistas internacionais no Rio de Janeiro (RJ) deve crescer 27,3%, considerando a semana do show da cantora norte-americana Madonna. O aumento na entrada de visitantes de outros países é um comparativo com o mesmo período de 2023. A Rainha do Pop se apresentará no dia 04 de maio(sábado), às 21h30 na Praia de Copacabana. O show tem duração prevista de duas horas.

https://lnkd.in/d5hgbrJY

#portaletvfatorbrasil #portalfatorbrasil #revistafatorbrasil",facebook,POSITIVE,0.0
