ID,AUTHOR,URL,DATE,LIKES,SHARES,COMMENTS,CONTENT,SERVICE,SENTIMENT,ENGAGEMENT
818658680302543,http://www.facebook.com/143813098922,http://www.facebook.com/143813098922_818658680302543,25/03/2420 19:32,22.0,1.0,1.0,"🎤 Sabe quem tava na coletiva de imprensa que anunciou o show da Madonna no Brasil? É claro que o nosso @lucaspasin

👀 E ele mandou esse vídeo pra #Splash com a maior pergunta sobre o show em Copacabana: Anitta vai participar do evento?

👉 Se você não lembra, a funkeira e Madonna gravaram “Faz Gostoso” para o álbum “Madame X” da rainha do pop!

🎥 Lucas Pasin/UOL/25.mar.2024

#uol #uoloficial #splash #splashuol #madonna #tonoshow #celebrationtour #anitta",facebook,POSITIVE,0.0
