ID,AUTHOR,URL,DATE,LIKES,SHARES,COMMENTS,CONTENT,SERVICE,SENTIMENT,ENGAGEMENT
812608520894729,http://www.facebook.com/504457422917072,http://www.facebook.com/504457422917072_812608520894729,25/03/2420 18:40,63.0,4.0,12.0,"MÚSICA: A cantora Madonna vai se apresentar de graça na praia de Copacabana, na zona sul do Rio, a partir das 21h45 do dia 4 de maio, sábado. Após semanas de especulação, a exibição foi confirmada hoje pelos organizadores do show.

O show deve ser o último da The Celebration Tour, em que Madonna comemora 40 anos de carreira. A turnê começou em outubro do ano passado, em Londres. Antes do Rio, a rainha do pop se apresentará no México. O show mais recente de Madonna no Brasil foi em 2012, durante a turnê MDNA Tour. Antes, apresentou-se no País em 1993, com The Girlie Show, e 2008, com Sticky & Sweet.

📷 Reprodução/Instagram

#Madonna #SãoPaulo #Brasil #guarulhos #linkdabio #notícias #jornal #jornalismo #GuarulhosHoje #AoVivoHoje",facebook,POSITIVE,0.0
