ID,AUTHOR,URL,DATE,LIKES,SHARES,COMMENTS,CONTENT,SERVICE,SENTIMENT,ENGAGEMENT
809657631198577,http://www.facebook.com/239837762723938,http://www.facebook.com/239837762723938_809657631198577,27/03/2420 18:09,63.0,6.0,56.0,"O Itaú Unibanco anunciou que disponibilizará uma promoção e benefícios exclusivos a clientes para o show da Madonna no Brasil, que é patrocinado pelo banco. A cantora revelou nesta segunda-feira, 25, que fará uma apresentação gratuita na praia de Copacabana, no Rio de Janeiro, durante o dia 4 de maio.

Leia mais em IstoÉ Dinheiro. (Link nos stories). 

#istoé #dinheiro #copacabana #madonna",facebook,POSITIVE,0.0
