ID,AUTHOR,URL,DATE,LIKES,SHARES,COMMENTS,CONTENT,SERVICE,SENTIMENT,ENGAGEMENT
805501094943863,http://www.facebook.com/145725988795846,http://www.facebook.com/145725988795846_805501094943863,22/03/2420 13:33,313.0,19.0,26.0,"ELA VEM SIM! 😍Ontem (21), foi anunciado oficialmente o show da cantora #Madonna, que deverá acontecer em maio, na Praia de Copacabana, no Rio de Janeiro. Apesar de ainda não ter sido anunciada uma data oficial, diversos famosos comentaram na publicação do patrocinador que será responsável pela vinda da cantora.

A TV Globo está em negociações avançadas para transmitir a apresentação, que deverá reunir mais de um milhão de pessoas.

(📸 Reprodução: @madonna/Instagram)",facebook,POSITIVE,0.033
