ID,AUTHOR,URL,DATE,LIKES,SHARES,COMMENTS,CONTENT,SERVICE,SENTIMENT,ENGAGEMENT
803029111860580,http://www.facebook.com/115230991849922,http://www.facebook.com/115230991849922_803029111860580,12/03/2420 09:00,32.0,3.0,5.0,"A RAINHA E A PRINCESINHA | A Princesinha do Mar tem evitado citar o nome de Madonna por aí. Rivalidade feminina? Que nada. Após ser confirmado pelo colunista do #JornalOGlobo Lauro Jardim, o show da cantora americana em solo carioca — a artista se apresentará nas areias mais famosas do país, gratuitamente, no dia 4 de maio — se tornou um tabu pelas esquinas do bairro. 

Falar qualquer ""ai"" ou ""ui"" sobre a aguardada performance da estrela pop é sinônimo de possíveis brigas e discussões, como relatam residentes daquele pedaço da cidade.

""O bairro está totalmente dividido: 50% das pessoas são contra o show; 50% são a favor. Como existe essa divergência, estamos sem tomar o lado de ninguém"", diz Tony Teixeira, presidente da Associação de Moradores de Copacabana (Amacopa). ""Entendendo que esta é uma decisão que cabe à prefeitura, nossa entidade não se coloca nem a favor nem contra o evento. Mas acreditamos que tem que haver um reforço na segurança pública, para que não haja riscos aos cidadãos"", completa Tony.

Leia mais no site do #JornalOGlobo: http://glo.bo/3VeUrRr

Foto: Domingos Peixoto",facebook,NEUTRAL,0.0
