ID,AUTHOR,URL,DATE,LIKES,SHARES,COMMENTS,CONTENT,SERVICE,SENTIMENT,ENGAGEMENT
931642288964418,http://www.facebook.com/175878502462123,http://www.facebook.com/175878502462123_931642288964418,25/03/2420 21:18,0.0,0.0,0.0,"E finalmemte o mistério acabou! E é verdade mesmo: VAI TER SIM SHOW DA MADONNA NO BRASIL! 
A confirmação e as informações foram divulgadas nesta segunda-feira (25) e o show vai acontecer na praia de Copacabana, na Zona Sul do Rio de Janeiro. E o melhor de tudo: o espetáculo será gratuito! 

A expectativa da organização é receber não só turistas de outros lugares do Brasil, como de outros países, já que esta será a única apresentação da cantora na América do Sul. O anúncio do show de Madonna foi feito pela Prefeitura do Rio, pelo governo do estado do Rio de Janeiro e pelas marcas patrocinadoras, Itaú e Heineken.

Além de revelar detalhes do show da Rainha e terno ícone do Pop, representantes na coletiva fizeram questão de desmentir os rumores de que ela estaria pensando em cancelar sua apresentação por conta de vazamentos.

“A confirmação desse show é um grande presente para todos os fãs de Madonna. Será realmente um momento único, com uma das mais bem sucedidas turnês musicais esperada por diversos países, e a artista escolheu exatamente o Rio para esse grande final. Muito mais do que um show, vamos mostrar para o mundo o impacto desse grande evento, aberto ao público, realizado na Praia de Copacabana, cenário que domina o imaginário global como exemplo de beleza natural”, completa Niemeyer.

Data do show e detalhes
O show acontece no dia 4 de maio, sábado, e tem previsão para começar entre 21h30 e 21h45.O palco será montado em frente ao hotel Copacabana Palace, na Praia de Copacabana, como acontece no Réveillon, em direção ao Leme.

Estrutura 

O show da turnê vai ser em uma estrutura bem maior que ela está acostumada a apresentar em outros países, com uma dimensão maior. Serão 16 torres (de áudio, vídeo e iluminação), do Copacabana Palace até a esquina da Avenida Princesa Isabel. O setlist ainda não foi definido, mas o show deve ter duas horas de duração. Vai ser o enceramento mundial da turnê da cantora.

E aí? Quem mais aí tá louquinho(a) pra conferir esse show? 😍",facebook,POSITIVE,0.0
