ID,AUTHOR,URL,DATE,LIKES,SHARES,COMMENTS,CONTENT,SERVICE,SENTIMENT,ENGAGEMENT
428082819584542,http://www.facebook.com/233163053516598,http://www.facebook.com/233163053516598_428082819584542,07/03/2420 14:30,2.0,0.0,2.0,"Os rumores estão confirmados: Madonna vem ao Brasil! 👑

A Rainha do Pop se apresenta na Praia de Copacabana, no Rio de Janeiro, em um megashow gratuito no dia 04 de maio. A apresentação promete ser a maior dos 40 anos de carreira que Madonna está comemorando.

E você? Pretende ser uma das milhões de pessoas nas areias de Copacabana pra conferir de pertinho? Baixe nosso app gratuito ou acesse o nosso site para conferir as promoções de passagens para o Rio de Janeiro e garanta sua presença hoje mesmo!

#passagensimperdiveis #riodejaneiro #show #copacabana #madonna",facebook,POSITIVE,0.0
