ID,AUTHOR,URL,DATE,LIKES,SHARES,COMMENTS,CONTENT,SERVICE,SENTIMENT,ENGAGEMENT
1031782748506002,http://www.facebook.com/196008906145,http://www.facebook.com/196008906145_1031782748506002,25/03/2420 17:06,1.6k,100.0,226.0,"OMG! 🚨 EMERGÊNCIA DO POP 🚨 
A RAINHA VEM AÍ MESMO! Em coletiva de imprensa nesta segunda-feira (25), no Rio de Janeiro, Madonna confirmou o “maior show de sua carreira” no Brasil. Com a sua #CelebrationTour, a cantora desembarca para uma apresentação histórica na Praia de Copacabana. A última vez em que a Rainha do Pop se apresentou aqui foi em 2012, com a turnê mundial “MDNA”.

➡️ Vem saber TUDO, clicando aqui: https://gloss.bz/3vxVjWU

(📸: Getty)",facebook,POSITIVE,0.0
