ID,AUTHOR,URL,DATE,LIKES,SHARES,COMMENTS,CONTENT,SERVICE,SENTIMENT,ENGAGEMENT
818614930306918,http://www.facebook.com/143813098922,http://www.facebook.com/143813098922_818614930306918,25/03/2420 17:48,28.0,1.0,2.0,"👏 Ela vem mesmo! Madonna confirmou seu show gratuito na praia de Copacabana, em maio.

➡️ Esta vai ser a única apresentação da cantora na América do Sul. 

🗣️ “Muito mais do que um show, vamos mostrar para o mundo o impacto desse grande evento, aberto ao público, realizado na Praia de Copacabana, cenário que domina o imaginário global como exemplo de beleza natural”. 

#uol #uoloficial #splash #splashuol #madonna #tonoshow #celebrationtour",facebook,POSITIVE,0.0
