ID,AUTHOR,URL,DATE,LIKES,SHARES,COMMENTS,CONTENT,SERVICE,SENTIMENT,ENGAGEMENT
827719032728384,http://www.facebook.com/148914881790009,http://www.facebook.com/148914881790009_827719032728384,27/03/2420 14:40,230.0,10.0,198.0,"Madonna em Copacabana!👀

O Itaú Unibanco oferecerá vantagens para clientes que forem ao Rio de Janeiro para assistir ao show gratuito da cantora Madonna, que acontecerá no dia 4 de maio e que será patrocinado pelo banco. A apresentação, que encerra a turnê Celebration, é parte da campanha dos 100 anos do Itaú, em que Madonna é uma das estrelas.

Mais informações na editoria ""GERAL"", link na bio.

📸 Reprodução

#Madonna #Rio #Copacabanna 

#MeiaHora",facebook,POSITIVE,0.0
