ID,AUTHOR,URL,DATE,LIKES,SHARES,COMMENTS,CONTENT,SERVICE,SENTIMENT,ENGAGEMENT
959374802857039,http://www.facebook.com/130603890344804,http://www.facebook.com/130603890344804_959374802857039,08/04/2420 12:54,17.0,0.0,19.0,"Especulações 🗣️

Sendo considerado o maior show da carreira de Madonna, o espetáculo da cantora na praia de Copacabana, no Rio, no dia 4 de maio, está sendo preparado pela equipe do produtor Luiz Oscar Niemeyer. 

Veja mais notícias no link https://tinyurl.com/cs6e6pae

📸Reprodução",facebook,POSITIVE,0.0
