ID,AUTHOR,URL,DATE,LIKES,SHARES,COMMENTS,CONTENT,SERVICE,SENTIMENT,ENGAGEMENT
731267345824114,http://www.facebook.com/1505574649732513,http://www.facebook.com/1505574649732513_731267345824114,12/04/2420 13:54,1.3k,241.0,2.2k,"🎤 Madonna se tornou assunto nas redes sociais nessa quinta-feira (11/4) após um vídeo de um show que ela fazia viralizar. Na ocasião, a artista se irritou com fãs que estavam falando em português durante a apresentação dela.

“Não estou no Brasil ainda, então parem de falar português aqui”, pediu ela. Madonna desembarca no Rio de Janeiro em maio para um show gratuito em Copacabana.

➡️ Veja mais no metropoles.com

🎥 Reprodução",facebook,POSITIVE,0.0
