ID,AUTHOR,URL,DATE,LIKES,SHARES,COMMENTS,CONTENT,SERVICE,SENTIMENT,ENGAGEMENT
949687397162021,http://www.facebook.com/161560344283809,http://www.facebook.com/161560344283809_949687397162021,25/03/2420 18:27,0.0,0.0,0.0,"🎤E FOI CONFIRMADO!
Em entrevista coletiva realizada nesta segunda-feira, o show da cantora Madonna na Praia de Copacabana, no Rio de Janeiro, no dia 4 de maio, foi, enfim, confirmado. O espetáculo terá acesso gratuito. Na verdade, o evento foi antecipado por meio de uma nota na coluna de Lauro Jardim, no jornal “O Globo”. Desse modo, o jornalista falou que “The Celebration World Tour”, que teve início no ano passado, com previsão de término para abril, teria uma parada no país. O jornalista especializado em música Mauro Ferreira também havia noticiado como praticamente certa a vinda da cantora.
💻Saiba mais sobre o evento em culturadoria.com.br/madonna/ ou nos destaques nos stories.
 #madonna #itau #madonnainrio #degraça #thecelebrationtour",facebook,POSITIVE,0.0
