ID,AUTHOR,URL,DATE,LIKES,SHARES,COMMENTS,CONTENT,SERVICE,SENTIMENT,ENGAGEMENT
1386800838874298,http://www.facebook.com/115671525289723,http://www.facebook.com/115671525289723_1386800838874298,31/03/2420 21:25,328.0,4.0,3.0,"*Aumenta a procura por passagens rodoviárias para show da Madonna no Rio de Janeiro no período de 3 a 5 de maio*

_Preferência por assentos Semi-Leito, Leito e Cama reflete a necessidade dos usuários por conforto em viagens longas_

*_YURI SENA_*

",facebook,POSITIVE,0.0
