ID,AUTHOR,URL,DATE,LIKES,SHARES,COMMENTS,CONTENT,SERVICE,SENTIMENT,ENGAGEMENT
932854475507823,http://www.facebook.com/101189854802059,http://www.facebook.com/101189854802059_932854475507823,11/04/2420 08:00,539.0,155.0,41.0,"Na terça-feira 9, Alexandre Ramagem (filiado ao PL) publicou um vídeo em seu perfil na rede social Twitter/X no qual criticou o gasto de R$ 10 milhões da prefeitura do Rio de Janeiro para o show da cantora norte-americana Madonna. 

O envio do montante, que é fruto da coleta de impostos na Cidade Maravilhosa, foi publicado no Diário Oficial do Rio na segunda-feira 8. Em sua publicação, Ramagem demonstra indignação com o gasto milionário que poderia, em suas palavras, ser convertido, por exemplo, na ""reforma de nossos teatros, que estão caindo aos pedaços"". 

""Show da Madonna em Copacabana: com patrocínio de R$ 10 milhões de reais pela prefeitura do Rio. Quando a população mais precisa e tem tantas outras necessidades no seu dia a dia. A população tem R$ 10 milhões de reais a menos"", critica Ramagem em seu perfil no Twitter/X. 

O político do PL continua, citando agora a Lei de Incentivo: ""É pela Lei de Incentivo. Okay, mas está sendo utilizado para divulgação de manifestação cultural brasileira? Há contrapartida para a formação cultural do nosso cidadão?"", pergunta Ramagem.

ASSINE A REVISTA OESTE. Leia a matéria completa (link nos stories) 

#noticias #jornalismo #brasilia #brasil #revista #revistaoeste",facebook,POSITIVE,0.0
