ID,AUTHOR,URL,DATE,LIKES,SHARES,COMMENTS,CONTENT,SERVICE,SENTIMENT,ENGAGEMENT
828141656017132,http://www.facebook.com/110642198987201,http://www.facebook.com/110642198987201_828141656017132,25/03/2420 17:45,22.0,0.0,3.0,"Após muita especulação, foi confirmado nesta segunda-feira, 25, que a cantora Madonna fará um show gratuito na Praia de Copacabana, no Rio de Janeiro, no dia 4 de maio.

A apresentação é uma realização do Itaú e foi comunicada em coletiva de imprensa realizada na tarde desta segunda-feira, no hotel Copacabana Palace.

No mesmo horário, a Globo já começou a divulgar nas redes sociais que firmou acordo para transmitir com exclusividade a apresentação de Madonna na TV aberta, TV paga e no streaming.

Confira: https://www.meioemensagem.com.br/midia/show-da-madonna-em-copacabana-tera-transmissao-da-globo 

#madonna #globo #copacabana #show #riodejaneiro",facebook,POSITIVE,0.078
