ID,AUTHOR,URL,DATE,LIKES,SHARES,COMMENTS,CONTENT,SERVICE,SENTIMENT,ENGAGEMENT
464785175882512,http://www.facebook.com/103494018683362,http://www.facebook.com/103494018683362_464785175882512,08/04/2420 08:00,16.0,5.0,3.0,"A cantora Madonna, 65, está em vias de se tornar oficialmente carioca. É o que quer o vereador César Maia (PSD-RJ), que submeteu um projeto de decreto legislativo nesse sentido, a ser votado em breve pelos colegas da Câmara Municipal do Rio de Janeiro.
Se aprovado, o projeto concede à rainha do pop o título honorário de cidadã carioca. Na justificativa, Maia diz que Madonna Louise Veronica Ciccone é “considerada uma das figuras de maior impacto na cultura popular” e “conhecida por sua contínua reinvenção e versatilidade”.
“Suas obras, que incorporam temas sociais, políticos, sexuais e religiosos, geraram aclamação e controvérsia da crítica e do público”, diz o texto. “Madonna é a artista feminina mais bem-sucedida de todos os tempos.
O vereador também lembra que no dia 4 de maio a cantora fará um show gratuito na praia de Copacabana, na zona sul da cidade. “Sua vinda ao Brasil não apenas atrai e impacta diretamente no crescimento econômico, cultural e turístico para nossa cidade, mas também oferece uma oportunidade única de celebrar uma das maiores artistas de todos os tempos”, destaca.
🖇️ Leia mais em dol.com.br / diariodopara.dol.com.br

📸 Reprodução / Instagram

#DOL #Notícias #entretenimento #madonna #riodejaneiro #brasil",facebook,POSITIVE,0.0
