ID,AUTHOR,URL,DATE,LIKES,SHARES,COMMENTS,CONTENT,SERVICE,SENTIMENT,ENGAGEMENT
916356473833015,http://www.facebook.com/344035868999271,http://www.facebook.com/344035868999271_916356473833015,07/03/2420 14:48,159.0,20.0,186.0,"Madonna fará show gratuito na Praia de Copacabana, no Rio de Janeiro (RJ), em 4 de maio. A informação é do colunista Lauro Jardim, do jornal O Globo. Antes, a notícia também foi divulgada pelo portal Madonna Online.

De acordo com os portais, a cantora irá desembarcar no Rio de Janeiro a convite do Itaú Unibanco. Recentemente, Madonna estrelou uma campanha publicitária para a empresa. O anúncio oficial deve ocorrer em breve.

Demais detalhes ainda estão sendo ajustados. Os fãs vinham especulando sobre o show desde novembro, quando a cantora falou sobre uma vinda ao Brasil em show. A previsão é de que Madonna fique hospedada no Copacabana Palace.

Desde o segundo semestre de 2023, Madonna tem realizado a ""Celebration Tour"", que celebra os seus 40 anos de carreira. O show no Brasil também seria uma comemoração dessa marca.

A turnê teve início no dia 14 de outubro, em Londres. Prestes a completar 65 anos de idade, a Rainha do Pop celebra 40 anos de carreira com seus principais hits e grandes apresentações em estádios ao redor do mundo.

Espera-se grandes sucessos de sua carreira, como ""Like a Virgin"", ""Like a Prayer"", ""Material Girl"", ""La isla Bonita"", ""Holiday"", entre outros.

Para mais informações acesse JC.COM.BR

(Imagens: AFP)

#ll #madonna #brasil",facebook,POSITIVE,0.0
