ID,AUTHOR,URL,DATE,LIKES,SHARES,COMMENTS,CONTENT,SERVICE,SENTIMENT,ENGAGEMENT
924603396335213,http://www.facebook.com/461488640583190,http://www.facebook.com/461488640583190_924603396335213,25/03/2420 20:00,0.0,0.0,0.0,"Após muita especulação, o show da cantora Madonna no Rio de Janeiro foi confirmado nesta segunda-feira (25) pela produtora Live Nation. A artista se apresenta gratuitamente na Praia de Copacabana no próximo dia 4 de maio.

A apresentação no Brasil marcará o encerramento da The Celebration Tour, na qual a artista comemora 40 anos de carreira e o anúncio destaca que esse será ""o maior show da cantora até agora"" como ""agradecimento aos fãs por celebrarem mais de quatro décadas de sua música"".

📷 Divulgação

Leia a matéria completa no site. Link na bio

Siga nosso perfil: @f5news 

#f5news #musica #sergipe",facebook,POSITIVE,0.0
