ID,AUTHOR,URL,DATE,LIKES,SHARES,COMMENTS,CONTENT,SERVICE,SENTIMENT,ENGAGEMENT
807474054744828,http://www.facebook.com/198309923518466,http://www.facebook.com/198309923518466_807474054744828,08/03/2420 11:00,3.0,1.0,0.0,"Madonna vai encerrar sua ""The Celebration Tour"", em homenagem aos 40 anos de carreira, com um show gratuito na areia de Copacabana. O evento é uma parceria da fundação Visit Rio com o Itaú, celebrando também o centenário do banco em 2024. A expectativa para o concerto disparou no Rio de Janeiro após o prefeito Eduardo Paes entrar na onda dos rumores nas redes sociais, confirmando que a performance será de fato gratuita e sem áreas VIP.

O anúncio oficial veio após muitas especulações e brincadeiras online, evidenciando a empolgação do público e a grandeza do evento. Embora o show seja sem custo, a presença da renomada cantora na capital fluminense promete atrair fãs de todas as partes, marcando um momento histórico para a cidade e para todos os admiradores da Rainha do Pop.

Fonte: tracklist

#MadonnaNoRio #Gratuito #Copacabana #CelebrationTour",facebook,POSITIVE,0.0
