ID,AUTHOR,URL,DATE,LIKES,SHARES,COMMENTS,CONTENT,SERVICE,SENTIMENT,ENGAGEMENT
434133162462854,http://www.facebook.com/110145589067844,http://www.facebook.com/110145589067844_434133162462854,25/03/2420 20:21,206.0,9.0,47.0,"Madonna voltará ao Brasil doze anos após sua última passagem pelo país! Depois de semanas de intensas especulações, a apresentação da cantora na Praia de Copacabana foi confirmada nesta segunda-feira (25), em uma coletiva de imprensa realizada pelos patrocinadores e por autoridades do Rio de Janeiro.

Madonna trará ao Rio de Janeiro uma única apresentação da turnê ""The Celebration Tour"", um show de comemoração pelos 40 anos de carreira.  O espetáculo acontecerá no dia 04 de maio, a partir das 21h45. A TV Globo, o Multishow e o Globoplay vão transmitir a apresentação na íntegra. Até mesmo os não-assinantes da plataforma de streaming terão direito a conferir o espetáculo.

O palco será montado em frente ao icônico hotel Copacabana Palace e será maior do que a estrutura que tem acompanhado Madonna nos shows nos Estados Unidos e na Europa. 16 torres de áudio e vídeo serão montadas ao longo da praia para garantir que todo o público assista ao espetáculo.

De acordo com informações da coletiva, o esquema de segurança será o mesmo do Réveillon, com revista e pontos de bloqueio. Os organizadores aguardam cerca de 1 milhão de pessoas. Caso este número se concretize, será o maior público da carreira de Madonna.

 O show em Copacabana, aliás, será a única apresentação da estrela em toda a América do Sul. Você vai?

#purepeople #news #famosos #madonna 
Reprodução: Divulgação",facebook,POSITIVE,0.0
