ID,AUTHOR,URL,DATE,LIKES,SHARES,COMMENTS,CONTENT,SERVICE,SENTIMENT,ENGAGEMENT
467264902301206,http://www.facebook.com/103494018683362,http://www.facebook.com/103494018683362_467264902301206,12/04/2420 14:51,109.0,6.0,71.0,"🎤 Madonna se tornou assunto nas redes sociais nessa quinta-feira (11/4) após um vídeo de um show que ela fazia viralizar. Na ocasião, a artista se irritou com fãs que estavam falando em português durante a apresentação dela.

“Não estou no Brasil ainda, então parem de falar português aqui”, pediu ela. Madonna desembarca no Rio de Janeiro em maio para um show gratuito em Copacabana.

🔗Redes Sociais",facebook,POSITIVE,0.0
