ID,AUTHOR,URL,DATE,LIKES,SHARES,COMMENTS,CONTENT,SERVICE,SENTIMENT,ENGAGEMENT
804405308388866,http://www.facebook.com/1688002624785169,http://www.facebook.com/1688002624785169_804405308388866,21/03/2420 21:09,34.0,4.0,16.0,"Após muita especulação entre fãs de Madonna, o banco Itaú confirmou que trará a cantora para realizar um show. Em uma publicação rápida nas redes sociais nesta quinta-feira (21), a estrela da música aparece dando um recado ao país: “Brasil, estou chegando”.

Ao final da fala, o Itaú deixa a mensagem de que mais novidades serão informadas em breve “para clientes” do banco. Antes do anúncio, o jornal O Globo já havia confirmado que o show de Madonna seria gratuita com previsão para acontecer no dia 4 de maio na praia de Copacabana, no Rio de Janeiro, o que seria a maior apresentação da vida da artista estadunidense.

O prefeito do Rio de Janeiro, @eduardopaes , publicou em seu X (antigo Twitter) um vídeo de Madonna em meio a rumores de possível show da cantora em Copacabana. Nesta quarta-feira, 20, ele comemorou e escreveu: ""Sinais, fortes sinais"".",facebook,POSITIVE,0.0
