ID,AUTHOR,URL,DATE,LIKES,SHARES,COMMENTS,CONTENT,SERVICE,SENTIMENT,ENGAGEMENT
821254776699041,http://www.facebook.com/756656851037791,http://www.facebook.com/756656851037791_821254776699041,02/04/2420 12:59,591.0,92.0,1.5k,"Após revelar que mantém relações sexvais 37 vezes por semana com sua esposa Ellen Cardoso e persuadir a modelo Gisele Bündchen a passar o Carnaval de 2023 no Rio de Janeiro, Naldo Benny anunciou que é o responsável por trazer o show de Madonna ao Brasil. 

Durante uma entrevista ao programa ""Sem Censura"", da TV Brasil, na segunda-feira (1), o cantor de funk afirmou que teve participação na vinda da ""Celebration Tour"" da Madonna para o país. Ele compartilhou sobre suas conexões com celebridades e sua vida nos Estados Unidos, revelando: ""Eu consegui convencer a Madonna a vir para o Rio de Janeiro agora"". Cissa Guimarães, apresentadora do programa, prontamente perguntou: ""Então é você quem está trazendo a Madonna?"". Naldo confirmou: ""Sim, sou eu que estou organizando isso"".

A ""Celebation Tour"" marca os 40 anos de carreira da estrela pop, e sua última parada será em um show gratuito em Copacabana, no dia 4 de maio. Este será o único show dela na América do Sul.

A Globo garantiu os direitos de transmissão do show de Madonna, que será exibido na TV aberta, na TV por assinatura através do Multishow, e também via streaming no Globoplay. O acordo foi firmado com o patrocínio da marca Itaú, responsável por trazer Madonna para o Brasil.",facebook,NEUTRAL,0.0
