ID,AUTHOR,URL,DATE,LIKES,SHARES,COMMENTS,CONTENT,SERVICE,SENTIMENT,ENGAGEMENT
925644359569065,http://www.facebook.com/567920733221605,http://www.facebook.com/567920733221605_925644359569065,10/04/2420 12:30,2.0,0.0,0.0,"PREFEITURA DO RIO INVESTIRÁ R$ 10 MILHÕES EM SHOW GRATUITO DE MADONNA

A prefeitura do Rio de Janeiro vai desembolsar R$ 10 milhões a título de patrocínio para garantir o show gratuita da cantora Madonna na praia de Copacabana no dia 4 de maio. O valor da ‘parceria’ foi publicado na edição de ontem,8, do Diário Oficial da capital fluminense. #tribunalivrejornal #riodejaneiro #costaverde #turismo #turismorio #show #showinternacional #madonna #cantoramadonna #copacabana #copacabanarj #showemcopacabana #showgratuito #showdemilhões #rioinvestemilhões #10milhões #cidadedorio #cotidiano          

Siga Tribuna Livre Jornal",facebook,POSITIVE,0.0
