ID,AUTHOR,URL,DATE,LIKES,SHARES,COMMENTS,CONTENT,SERVICE,SENTIMENT,ENGAGEMENT
1029363418747935,http://www.facebook.com/196008906145,http://www.facebook.com/196008906145_1029363418747935,21/03/2420 18:32,2.1k,385.0,365.0,"🚨🚨🚨🚨🚨 EMERGÊNCIA DO POP!!! 🚨🚨🚨🚨🚨 

OMGGGG! A RAINHA VEM AÍ MESMO!!! “Brasil, eu estou chegando”, acaba de anunciar Madonna, em vídeo divulgado pelo Itaú. A rainha do pop está pronta para fazer história em um show no Rio de Janeiro. A expectativa é de que a apresentação aconteça na Praia de Copacabana e seja a maior de toda a sua carreira. Solta o #Celebration, que aqui já é #Holiday! 

(📹 @itau)",facebook,POSITIVE,0.0
