ID,AUTHOR,URL,DATE,LIKES,SHARES,COMMENTS,CONTENT,SERVICE,SENTIMENT,ENGAGEMENT
831961535639998,http://www.facebook.com/206681056128658,http://www.facebook.com/206681056128658_831961535639998,11/04/2420 23:19,0.0,1.0,2.0,"""Parem de falar português!""🗣️

SHOW GRATUITO??🤣🤣
VEJA COMO ELA TRATA OS SUBDESENVOLVIDOS DO BRASIL😆😆😆VÃO LA BATER PALMA PRA ELA EM COPACABANA.

Falta menos de um mês para Madonna realizar um show gratuito na Praia de Copacabana, a cantora se irritou com fãs brasileiros que estavam assistindo sua apresentação da ""The Celebration Tour"" nos Estados Unidos e deu uma bronca em um deles no palco.

Saiba mais no link da bio.

🎥 Reprodução/Instagram

#Madonna #Show #TheCelebrationTour #Celebridades

#ODia",facebook,POSITIVE,0.0
