ID,AUTHOR,URL,DATE,LIKES,SHARES,COMMENTS,CONTENT,SERVICE,SENTIMENT,ENGAGEMENT
744811897774008,http://www.facebook.com/117320024968681,http://www.facebook.com/117320024968681_744811897774008,11/04/2420 22:35,8.0,13.0,25.0,"""Parem de falar português!""🗣️

Falta menos de um mês para Madonna realizar um show gratuito na Praia de Copacabana, a cantora se irritou com fãs brasileiros que estavam assistindo sua apresentação da ""The Celebration Tour"" nos Estados Unidos e deu uma bronca em um deles no palco.

Saiba mais no link da bio.

🎥 Reprodução/Instagram

#Madonna #Show #TheCelebrationTour #Celebridades

#ODia",facebook,POSITIVE,0.0
