ID,AUTHOR,URL,DATE,LIKES,SHARES,COMMENTS,CONTENT,SERVICE,SENTIMENT,ENGAGEMENT
835295535308872,http://www.facebook.com/275060412517621,http://www.facebook.com/275060412517621_835295535308872,09/04/2420 20:30,62.0,3.0,10.0,"✈️ A empresa aérea Azul anunciou que vai oferecer voos extras, entre os dias 3 e 5 de maios, entre os Aeroportos de Vitória e o Tom Jobim, no Rio de Janeiro, para facilitar o deslocamento dos capixabas para o show da cantora Madonna, no dia 4 de maio (sábado).

No fim de semana do show na Praia de Copacabana, entre sexta e domingo, serão oferecidos um total de seis voos extras entre os dois aeroportos, além dos voos regulares habituais entre as duas capitais.

Confira os horários dos voos extras e mais informações na coluna publicada em: https://leia.ag/a/COFB/xwx5mcv",facebook,POSITIVE,0.0
