ID,AUTHOR,URL,DATE,LIKES,SHARES,COMMENTS,CONTENT,SERVICE,SENTIMENT,ENGAGEMENT
838054365027935,http://www.facebook.com/203797129634123,http://www.facebook.com/203797129634123_838054365027935,08/04/2420 22:40,16.0,1.0,11.0,"A Azul anunciou a ampliação nos voos que saem do Aeroporto Internacional de Salvador com destino ao Rio de Janeiro no início de maio para atender a demanda de pessoas que desejam assistir ao show gratuito de Madonna, em Copacabana. O show acontece no dia 5 de maio.

A companhia programou dois voos adicionais entre os dias 4 e 5 de maio, complementando sua malha aérea já existente. 

Além disso, a Azul disponibilizará mais de 400 voos de diversas regiões, operados entre os dias 1º e 7 de maio, totalizando mais de 60.300 assentos disponíveis para passageiros. Os dias de maior movimento serão os 3, 4 e 5 de maio, representando mais de 58% das decolagens programadas pela empresa na primeira semana do mês.

📲 Saiba mais no #PortalATARDE
🔗 Link na bio ou nos stories

📸 Divulgação 

#GrupoATARDE #ATARDE",facebook,POSITIVE,0.14
