ID,AUTHOR,URL,DATE,LIKES,SHARES,COMMENTS,CONTENT,SERVICE,SENTIMENT,ENGAGEMENT
832924482197666,http://www.facebook.com/141287742160,http://www.facebook.com/141287742160_832924482197666,09/04/2420 01:00,31.0,0.0,2.0,"#RIODEJANEIRO | Madonna impulsiona reservas nos hotéis do Rio 

Ainda falta um mês para o show da Madonna, mas os efeitos da futura presença da diva pop na praia de Copacabana já são sentidos na hotelaria carioca. Segundo dados da 2ª prévia da pesquisa do HotéisRIO sobre ocupação hoteleira da cidade no sábado (04/05), data da apresentação, a média da cidade está em 68,89%, com forte tendência de alta. 

Os números, divulgados na sexta-feira (05/04), mostram que o bairro de Copacabana/Leme já registra 80,72% de ocupação a previsão é que estejam com 100% no dia do show. Os hotéis de Ipanema/Leblon apresentam 70,44% de ocupação, seguidos de Flamengo/Botafogo (60,28%), Centro (56,44%) e Barra/Recreio (49,60%). 

""A tendência é que os números cresçam ainda mais até a data do show, pois ainda estamos a praticamente um mês do evento. A combinação das belezas do Rio de Janeiro com o show da Madonna são uma receita perfeita para atrair turistas não só do Brasil, mas do mundo todo"", comemora o presidente do HotéisRIO, Alfredo Lopes. 

Leia mais no nosso site: https://diariodepetropolis.com.br/integra/madonna-impulsiona-reservas-nos-hoteis-do-rio-1576 

Foto: Divulgação 

#diáriodepetrópolis #madonna #hotéisrio",facebook,POSITIVE,0.0
