ID,AUTHOR,URL,DATE,LIKES,SHARES,COMMENTS,CONTENT,SERVICE,SENTIMENT,ENGAGEMENT
918067516995244,http://www.facebook.com/344035868999271,http://www.facebook.com/344035868999271_918067516995244,10/03/2420 02:30,1.0,0.0,1.0,"ELA NÃO VEM MAIS! SERÁ?🤔 | O Celebration Tour, show que celebra os 40 anos de carreira da cantora Madonna, está gerando muita polêmica. 

O motivo? A rainha do pop planeja se apresentar em Copacabana, no Rio de Janeiro, no mês de maio, e a Associação de Moradores de Copacabana (Amacopa) não ficou nada satisfeita com essa notícia.

Segundo o portal Léo Dias, a Amacopa entrou com uma ação judicial para impedir que o show de Madonna aconteça no bairro carioca. De acordo com o site, não há nenhum contrato assinado sobre a apresentação e nada foi alinhado entre a cantora, a equipe da The Celebration Tour, a prefeitura do Rio de Janeiro e uma produtora.

E você, é fã da cantora Madonna? Comenta aí 👀

(FOTO: Reprodução/ @madonna) 
#madonna #celebrationtour #copacabana #jm",facebook,POSITIVE,0.0
