ID,AUTHOR,URL,DATE,LIKES,SHARES,COMMENTS,CONTENT,SERVICE,SENTIMENT,ENGAGEMENT
829088415926083,http://www.facebook.com/111209462238356,http://www.facebook.com/111209462238356_829088415926083,25/03/2420 21:30,6.0,2.0,0.0,"Considerada uma das maiores divas do pop, Madonna vai se apresentar gratuitamente na Praia de Copacabana, no Rio de Janeiro, no dia 4 de maio, a partir das 21h45. O show deve receber mais de um milhão de fãs e pode ser a maior apresentação da carreira da artista. A TV Globo e o Multishow irão transmitir o evento ao vivo, exclusivo na América do Sul e encerrará o The Celebration Tour.

Os responsáveis pelo show divulgaram algumas informações em coletiva de imprensa nesta segunda-feira (25). Com estrutura de Réveillon, a segurança será reforçada e contará com revista e pontos de bloqueio. A apresentação deve ter uma duração de cerca de duas horas, com local exclusivo para imprensa e patrocinadores.

A vinda da cantora ao Brasil, já havia sido confirmada na última semana através do Instagram do Itaú. ""Brasil, estou indo"", disse a cantora em um teaser da apresentação.

“O prefeito Eduardo Paes me deu carta branca e a gente começou a fazer esse projeto em 2022. Mandamos para Los Angeles uma carta para a Madonna a convidando para cantar em Copacabana. Tivemos energia e sorte em estar com o Itaú nessa campanha. Vamos realizar o maior evento da história na música pop. Para a cidade, é um impacto gigantesco na economia e turismo. Só com o zumzumzum os hotéis lotaram. Vai ser espetacular pra a cidade, será a nossa imagem para o mundo inteiro”, secretária de turismo municipal Daniela Maia.

✅ Veja mais em #Metro1
📷: Reprodução/Redes Sociais",facebook,POSITIVE,0.0
