ID,AUTHOR,URL,DATE,LIKES,SHARES,COMMENTS,CONTENT,SERVICE,SENTIMENT,ENGAGEMENT
447266790967684,http://www.facebook.com/103494018683362,http://www.facebook.com/103494018683362_447266790967684,08/03/2420 02:00,293.0,31.0,159.0,"Começou a contagem regressiva. Madonna chega ao Brasil no próximo dia 4 de maio para show especial e gratuito na praia de Copacabana, no Rio de Janeiro. A informação foi confirmada pelo Estúdio i, programa da GloboNews, nesta quinta (7).

Segundo o colunista do jornal O Globo, Lauro Jardim, o show tem potencial para se tornar o maior das quatro décadas de carreira que Madonna está comemorando.

Madonna vem ao Brasil a convite do Itaú Unibanco, para quem ela estrelou, recentemente, uma campanha pelos de cem anos da corporação.

📷 Reprodução

🖇️ Veja mais em dol.com.br

#dol",facebook,POSITIVE,0.0
