ID,AUTHOR,URL,DATE,LIKES,SHARES,COMMENTS,CONTENT,SERVICE,SENTIMENT,ENGAGEMENT
936838708451572,http://www.facebook.com/115424755205055,http://www.facebook.com/115424755205055_936838708451572,22/03/2420 14:01,10.0,0.0,3.0,"Rainha do pop fará show gratuito na praia de Copacabana, no Rio de Janeiro.

Leia a matéria completa em: https://tododia.com.br/cultura/apos-12-anos-do-ultimo-show-no-pais-madonna-confirma-vinda-ao-brasil/

#jornaltododia #tododia #madonna #brasil #thecelebrationtour",facebook,POSITIVE,0.0
