ID,AUTHOR,URL,DATE,LIKES,SHARES,COMMENTS,CONTENT,SERVICE,SENTIMENT,ENGAGEMENT
816488627184509,http://www.facebook.com/203797129634123,http://www.facebook.com/203797129634123_816488627184509,06/03/2420 22:45,3.0,1.0,0.0,"O que se sabe do suposto show?

Um boato incendiou as redes sociais na manhã desta quinta-feira, 6: supostamente, Madonna estaria voltando ao Brasil após 12 anos para realizar um show gratuito em Copacabana, no Rio de Janeiro. A notícia causou grande comoção entre os fãs da cantora.

O último espetáculo da diva em solo brasileiro ocorreu em 2012, durante a aclamada The MDNA Tour. Antes disso, ela encantou o público brasileiro com suas performances na turnê The Girlie Show, em 1993, e na Sticky & Sweet Tour, em 2008.

Apesar da ausência de uma confirmação oficial sobre o evento, os rumores sugerem que Madonna realizará um espetáculo gratuito que marcará o fim da ""The Celebration Tour"", previsto para o dia 4 de maio. Há especulações de que este evento será patrocinado pelo Itaú, banco brasileiro que tem a artista como sua garota-propaganda.

📲 Confira a noticia completa no #PortalATARDE
🔗 Link na bio ou nos stories

📷 Reprodução 

#Madonna #Show #GrupoATARDE #ATARDE",facebook,POSITIVE,0.0
