ID,AUTHOR,URL,DATE,LIKES,SHARES,COMMENTS,CONTENT,SERVICE,SENTIMENT,ENGAGEMENT
825582556273042,http://www.facebook.com/110642198987201,http://www.facebook.com/110642198987201_825582556273042,21/03/2420 19:48,7.0,0.0,4.0,"No início desta quinta-feira, 21, o Itaú Unibanco publicou um vídeo da Madonna em suas redes sociais, no qual a cantora confirma sua vinda ao Brasil. “Brasil, estou chegando em breve”, anunciou Madonna.

A publicação do banco (veja abaixo), no entanto, não dá mais informações sobre o que seria essa vinda da cantora ao País. Na legenda do post, o Itaú escreveu? “É oficial. Ela vem. Em breve, novidades para clientes Itaú”.

Há algumas semanas, surgiram rumores de que Madonna faria um show na Praia de Copacabana, no Rio de Janeiro, no dia 4 de maio, a convite do banco.

A informação foi confirmada em coluna do Lauro Jardim ao O Globo na manhã do dia 7 de março. Na época, o Itaú não se manifestou sobre a apresentação, porém, fontes internas do banco confirmaram a vinda da cantora. (Veja mais no link da bio @meioemensagem)

#madonna #itau #show #copacabana #madonnanobrasil",facebook,POSITIVE,0.034
