ID,AUTHOR,URL,DATE,LIKES,SHARES,COMMENTS,CONTENT,SERVICE,SENTIMENT,ENGAGEMENT
456991879995175,http://www.facebook.com/103494018683362,http://www.facebook.com/103494018683362_456991879995175,25/03/2420 22:00,1.2k,123.0,277.0,"O aguardado show da cantora Madonna no Rio de Janeiro foi oficialmente anunciado nesta segunda-feira (25) pela produtora Live Nation nas redes sociais. A artista se apresenta gratuitamente na Praia de Copacabana no próximo dia 4 de maio.  A apresentação no Brasil será especial, marcando o encerramento da The Celebration Tour, na qual a artista comemora 40 anos de carreira. O anúncio descreve o evento como ""o maior show da cantora até agora"" e destaca que ele será gratuito como ""agradecimento aos fãs por celebrarem mais de quatro décadas de sua música"".

No site oficial do show, o texto de divulgação ressalta que essa será a única apresentação da artista na América do Sul. Além disso, essa também será a primeira vez de Madonna no Brasil desde 2012. O evento terá início a partir das 21h45 do dia 4 de maio, um sábado, e contará com transmissão ao vivo  na TV Globo.

📷Reprodução

🔗Informações Diário do Nordeste 

#dol #noticia #Informação #entretenimento #madonna",facebook,POSITIVE,0.0
