ID,AUTHOR,URL,DATE,LIKES,SHARES,COMMENTS,CONTENT,SERVICE,SENTIMENT,ENGAGEMENT
937135084734049,http://www.facebook.com/105863269445922,http://www.facebook.com/105863269445922_937135084734049,11/03/2420 15:33,1.9k,147.0,1.4k,"Mais uma capítulo da novela Madonna no Brasil!

O Papelpop está em contato com uma fonte próxima das negociações para a vinda da “The Celebration Tour” para o Brasil e temos novidades.

O show estaria 100% confirmado e todas as partes estão de acordo para que ele aconteça. No entanto, o contato ainda não está assinado e a cantora teria pedido um acréscimo de US$ 3,5 milhões (algo em torno de R$ 17 milhões).

O novo valor de Madonna foi coberto, e uma marca de cerveja entrou como patrocinadora do evento. Ao que tudo indica, a cantora não ficou contente com o vazamento que o show final da turnê aconteceria por aqui.

Na última semana, o rumor de um show gratuito no dia 4 de maio, na praia de Copacabana, no Rio de Janeiro, tomou conta das redes sociais e deixou os fãs da rainha do pop em polvorosa.

O burburinho começou a surgir na internet, no começo desta semana, com um furo da página de fãs da cantora, chamado “Madonna Online“. Eles foram os primeiros a postarem sobre a possibilidade de um show gratuito.

Dando ainda mais fôlego aos rumores, o jornal O Globo divulgou, no meio da semana, via coluna Lauro Jardim, a informação de que a rainha do pop confirmou show único na capital carioca.

Madonna se encaminha para a reta final da “The Celebration Tour”, espetáculo que celebra sua trajetória de quatro décadas e que, neste momento, percorre a América do Norte. A última data agendada ocorre no México, em 26 de abril.

Se o show acontecer, de fato, será o único na América do Sul e, provavelmente, o maior público da carreira da cantora, que tocou para mais de 120 mil no Maracanã, em 1993.

Madame X já veio ao Brasil para shows por três vezes: em 1993, com a turnê “The Girlie Show”; em 2008, com a turnê “Sticky & Sweet”; e em 2012, com a turnê “MDNA Tour”.

(✍🏻: @phelipecruz // 📸: Reprodução/Instagram)",facebook,POSITIVE,0.0
