ID,AUTHOR,URL,DATE,LIKES,SHARES,COMMENTS,CONTENT,SERVICE,SENTIMENT,ENGAGEMENT
719896007017880,http://www.facebook.com/100114543363891,http://www.facebook.com/100114543363891_719896007017880,07/04/2420 22:30,45.0,3.0,33.0,"Seis costelas quebradas, ombro deslocado e pulmão perfurado depois de sofrer uma queda enquanto esquiava em Aspen, nos Estados Unidos. O produtor Luiz Oscar Niemeyer ainda se recuperava quando engrenou as negociações para fechar os contratos do que promete ser o maior show da carreira de Madonna, marcado para 4 de maio na praia de Copacabana, no Rio. Sobre os rumores de que Anitta faria uma participação no espetáculo, ele diz que, neste momento, está sendo discutida a possibilidade de colocar alguma atração para fazer a abertura do show, mas ainda não foi batido o martelo. 

📲Leia mais na #Folha: https://mla.bs/ab3d0b28

📷 Eduardo Anizelli/ Folhapress
📝 Joana Cunha

#PraTodosVerem: Foto colorida do produtor musical Luiz Oscar Niemeyer, um homem com óculos e camisa azul claro. Abaixo, o título: ""Produtor de Madonna no Rio despista sobre participação de Anitta no show""",facebook,POSITIVE,0.0
